{"client_meta":{"background_color":{"r":0.9607843160629272,"g":0.9607843160629272,"b":0.9607843160629272,"a":1},"thumbnail_size":{"width":400,"height":227},"render_coordinates":{"x":-33690,"y":-8568,"width":28336,"height":16082}},"file_name":"Portal Postavshikov (catalog)","developer_related_links":[],"exported_at":"2026-03-13T16:13:47.147Z"}